trial,testing,parameters,initial_deadline,final_deadline,net_reward,actions,success
1,False,"{'a': 0.5, 'e': 0.997}",25,0,-11.878363316706082,"{0: 20, 1: 3, 2: 2, 3: 0, 4: 0}",0
2,False,"{'a': 0.5, 'e': 0.994}",20,11,-30.303533761986262,"{0: 5, 1: 0, 2: 4, 3: 0, 4: 0}",1
3,False,"{'a': 0.5, 'e': 0.991}",25,5,-94.53843620281872,"{0: 13, 1: 0, 2: 5, 3: 1, 4: 1}",1
4,False,"{'a': 0.5, 'e': 0.988}",20,0,-124.05085556854061,"{0: 13, 1: 1, 2: 3, 3: 1, 4: 2}",0
5,False,"{'a': 0.5, 'e': 0.985}",35,2,-183.73110746022937,"{0: 20, 1: 1, 2: 8, 3: 2, 4: 2}",1
6,False,"{'a': 0.5, 'e': 0.982}",30,20,-8.703097266747815,"{0: 8, 1: 0, 2: 2, 3: 0, 4: 0}",1
7,False,"{'a': 0.5, 'e': 0.979}",20,0,-56.77250018053307,"{0: 12, 1: 3, 2: 4, 3: 1, 4: 0}",0
8,False,"{'a': 0.5, 'e': 0.976}",25,0,-235.24390340166093,"{0: 12, 1: 1, 2: 7, 3: 1, 4: 4}",0
9,False,"{'a': 0.5, 'e': 0.973}",20,0,-25.64334899968432,"{0: 15, 1: 3, 2: 1, 3: 1, 4: 0}",0
10,False,"{'a': 0.5, 'e': 0.97}",25,0,-97.36846610923568,"{0: 16, 1: 2, 2: 5, 3: 1, 4: 1}",0
11,False,"{'a': 0.5, 'e': 0.967}",20,0,-22.627936931381264,"{0: 15, 1: 2, 2: 3, 3: 0, 4: 0}",0
12,False,"{'a': 0.5, 'e': 0.964}",25,0,-121.1308362378353,"{0: 17, 1: 0, 2: 6, 3: 0, 4: 2}",0
13,False,"{'a': 0.5, 'e': 0.961}",25,0,-221.8340557271363,"{0: 13, 1: 2, 2: 5, 3: 1, 4: 4}",0
14,False,"{'a': 0.5, 'e': 0.958}",20,0,-126.21380071777693,"{0: 12, 1: 3, 2: 1, 3: 2, 4: 2}",0
15,False,"{'a': 0.5, 'e': 0.955}",20,0,-112.11804095892745,"{0: 12, 1: 3, 2: 3, 3: 0, 4: 2}",0
16,False,"{'a': 0.5, 'e': 0.952}",25,0,-114.50561096606451,"{0: 13, 1: 5, 2: 6, 3: 0, 4: 1}",0
17,False,"{'a': 0.5, 'e': 0.949}",30,0,-176.2222637523034,"{0: 15, 1: 3, 2: 8, 3: 3, 4: 1}",0
18,False,"{'a': 0.5, 'e': 0.946}",20,0,-98.29605465350176,"{0: 12, 1: 1, 2: 5, 3: 1, 4: 1}",0
19,False,"{'a': 0.5, 'e': 0.943}",20,0,-133.32584718380667,"{0: 14, 1: 1, 2: 2, 3: 0, 4: 3}",0
20,False,"{'a': 0.5, 'e': 0.94}",25,0,-93.33073021537034,"{0: 16, 1: 2, 2: 6, 3: 0, 4: 1}",0
21,False,"{'a': 0.5, 'e': 0.9369999999999999}",25,12,-85.77635967131043,"{0: 9, 1: 0, 2: 2, 3: 0, 4: 2}",1
22,False,"{'a': 0.5, 'e': 0.9339999999999999}",25,0,-101.92693080056979,"{0: 14, 1: 6, 2: 3, 3: 1, 4: 1}",0
23,False,"{'a': 0.5, 'e': 0.9309999999999999}",30,13,-54.58005867024948,"{0: 11, 1: 1, 2: 3, 3: 2, 4: 0}",1
24,False,"{'a': 0.5, 'e': 0.9279999999999999}",30,0,-43.15772201006463,"{0: 23, 1: 1, 2: 6, 3: 0, 4: 0}",0
25,False,"{'a': 0.5, 'e': 0.9249999999999999}",20,0,-115.77362551821314,"{0: 12, 1: 2, 2: 4, 3: 0, 4: 2}",0
26,False,"{'a': 0.5, 'e': 0.9219999999999999}",20,0,-135.55549494968636,"{0: 12, 1: 3, 2: 2, 3: 0, 4: 3}",0
27,False,"{'a': 0.5, 'e': 0.9189999999999999}",20,0,-57.0895524324396,"{0: 15, 1: 2, 2: 2, 3: 0, 4: 1}",0
28,False,"{'a': 0.5, 'e': 0.9159999999999999}",25,0,-192.01721015119796,"{0: 12, 1: 5, 2: 4, 3: 1, 4: 3}",0
29,False,"{'a': 0.5, 'e': 0.9129999999999999}",20,0,-119.85239110923887,"{0: 10, 1: 2, 2: 6, 3: 1, 4: 1}",0
30,False,"{'a': 0.5, 'e': 0.9099999999999999}",20,0,-95.32028925795755,"{0: 12, 1: 2, 2: 4, 3: 1, 4: 1}",0
31,False,"{'a': 0.5, 'e': 0.9069999999999999}",20,0,-147.1176684396614,"{0: 8, 1: 4, 2: 6, 3: 0, 4: 2}",0
32,False,"{'a': 0.5, 'e': 0.9039999999999999}",20,0,-115.98608024163762,"{0: 13, 1: 0, 2: 5, 3: 0, 4: 2}",0
33,False,"{'a': 0.5, 'e': 0.9009999999999999}",20,0,-78.75730642090149,"{0: 12, 1: 3, 2: 4, 3: 0, 4: 1}",0
34,False,"{'a': 0.5, 'e': 0.8979999999999999}",25,13,-30.756598068634474,"{0: 7, 1: 1, 2: 4, 3: 0, 4: 0}",1
35,False,"{'a': 0.5, 'e': 0.8949999999999999}",20,0,-130.99722750991222,"{0: 14, 1: 1, 2: 2, 3: 0, 4: 3}",0
36,False,"{'a': 0.5, 'e': 0.8919999999999999}",25,0,-107.681611762413,"{0: 11, 1: 3, 2: 11, 3: 0, 4: 0}",0
37,False,"{'a': 0.5, 'e': 0.8889999999999999}",30,11,-76.41525522656629,"{0: 11, 1: 3, 2: 2, 3: 3, 4: 0}",1
38,False,"{'a': 0.5, 'e': 0.8859999999999999}",25,0,-181.07230931268023,"{0: 17, 1: 2, 2: 1, 3: 1, 4: 4}",0
39,False,"{'a': 0.5, 'e': 0.8829999999999999}",25,0,-169.56073607635525,"{0: 16, 1: 3, 2: 1, 3: 2, 4: 3}",0
40,False,"{'a': 0.5, 'e': 0.8799999999999999}",25,0,-74.77669175434993,"{0: 20, 1: 1, 2: 2, 3: 0, 4: 2}",0
41,False,"{'a': 0.5, 'e': 0.8769999999999999}",20,9,-50.0584026096231,"{0: 7, 1: 2, 2: 1, 3: 0, 4: 1}",1
42,False,"{'a': 0.5, 'e': 0.8739999999999999}",20,0,-38.72455447898464,"{0: 14, 1: 2, 2: 3, 3: 1, 4: 0}",0
43,False,"{'a': 0.5, 'e': 0.8709999999999999}",30,0,-89.87019695542496,"{0: 21, 1: 4, 2: 2, 3: 2, 4: 1}",0
44,False,"{'a': 0.5, 'e': 0.8679999999999999}",20,14,12.288169830959069,"{0: 6, 1: 0, 2: 0, 3: 0, 4: 0}",1
45,False,"{'a': 0.5, 'e': 0.8649999999999999}",25,0,-36.4249940499083,"{0: 19, 1: 2, 2: 3, 3: 1, 4: 0}",0
46,False,"{'a': 0.5, 'e': 0.8619999999999999}",25,0,-78.8894168232312,"{0: 16, 1: 5, 2: 2, 3: 1, 4: 1}",0
47,False,"{'a': 0.5, 'e': 0.8589999999999999}",20,0,-29.11111665976669,"{0: 15, 1: 2, 2: 2, 3: 1, 4: 0}",0
48,False,"{'a': 0.5, 'e': 0.8559999999999999}",25,0,-81.86144760095397,"{0: 17, 1: 4, 2: 2, 3: 1, 4: 1}",0
49,False,"{'a': 0.5, 'e': 0.8529999999999999}",30,0,-121.8023196045275,"{0: 20, 1: 3, 2: 5, 3: 0, 4: 2}",0
50,False,"{'a': 0.5, 'e': 0.8499999999999999}",25,0,-49.519640360424695,"{0: 16, 1: 5, 2: 4, 3: 0, 4: 0}",0
51,False,"{'a': 0.5, 'e': 0.8469999999999999}",20,0,-112.40089332221875,"{0: 12, 1: 2, 2: 4, 3: 0, 4: 2}",0
52,False,"{'a': 0.5, 'e': 0.8439999999999999}",25,0,-67.38242845686067,"{0: 17, 1: 3, 2: 3, 3: 2, 4: 0}",0
53,False,"{'a': 0.5, 'e': 0.8409999999999999}",20,13,6.33429537478443,"{0: 6, 1: 1, 2: 0, 3: 0, 4: 0}",1
54,False,"{'a': 0.5, 'e': 0.8379999999999999}",20,0,-150.90963487085386,"{0: 8, 1: 4, 2: 6, 3: 0, 4: 2}",0
55,False,"{'a': 0.5, 'e': 0.8349999999999999}",25,0,-68.71477839051155,"{0: 15, 1: 5, 2: 4, 3: 1, 4: 0}",0
56,False,"{'a': 0.5, 'e': 0.8319999999999999}",30,0,-130.9957910796624,"{0: 16, 1: 5, 2: 7, 3: 1, 4: 1}",0
57,False,"{'a': 0.5, 'e': 0.8289999999999998}",25,0,-165.96685317762297,"{0: 13, 1: 3, 2: 5, 3: 2, 4: 2}",0
58,False,"{'a': 0.5, 'e': 0.8259999999999998}",20,0,-36.86351128168665,"{0: 15, 1: 1, 2: 3, 3: 1, 4: 0}",0
59,False,"{'a': 0.5, 'e': 0.8229999999999998}",20,0,-60.97877585105426,"{0: 15, 1: 2, 2: 1, 3: 1, 4: 1}",0
60,False,"{'a': 0.5, 'e': 0.8199999999999998}",25,0,-202.40853205680557,"{0: 15, 1: 1, 2: 4, 3: 1, 4: 4}",0
61,False,"{'a': 0.5, 'e': 0.8169999999999998}",20,2,-25.208744882641216,"{0: 15, 1: 1, 2: 0, 3: 2, 4: 0}",1
62,False,"{'a': 0.5, 'e': 0.8139999999999998}",25,3,-67.16571037671214,"{0: 16, 1: 1, 2: 4, 3: 0, 4: 1}",1
63,False,"{'a': 0.5, 'e': 0.8109999999999998}",30,0,-86.29037814682819,"{0: 22, 1: 1, 2: 5, 3: 1, 4: 1}",0
64,False,"{'a': 0.5, 'e': 0.8079999999999998}",25,0,-51.24033018572331,"{0: 19, 1: 4, 2: 1, 3: 0, 4: 1}",0
65,False,"{'a': 0.5, 'e': 0.8049999999999998}",20,0,-94.98866022061058,"{0: 14, 1: 1, 2: 1, 3: 3, 4: 1}",0
66,False,"{'a': 0.5, 'e': 0.8019999999999998}",30,0,-52.27622350657455,"{0: 22, 1: 2, 2: 5, 3: 1, 4: 0}",0
67,False,"{'a': 0.5, 'e': 0.7989999999999998}",35,0,-176.63388240970502,"{0: 23, 1: 2, 2: 6, 3: 1, 4: 3}",0
68,False,"{'a': 0.5, 'e': 0.7959999999999998}",25,9,-52.93352062371956,"{0: 11, 1: 2, 2: 2, 3: 0, 4: 1}",1
69,False,"{'a': 0.5, 'e': 0.7929999999999998}",20,0,-71.99266254542252,"{0: 11, 1: 3, 2: 5, 3: 1, 4: 0}",0
70,False,"{'a': 0.5, 'e': 0.7899999999999998}",30,16,-54.493989893642684,"{0: 10, 1: 0, 2: 3, 3: 0, 4: 1}",1
71,False,"{'a': 0.5, 'e': 0.7869999999999998}",25,0,-64.150894541014,"{0: 19, 1: 1, 2: 3, 3: 1, 4: 1}",0
72,False,"{'a': 0.5, 'e': 0.7839999999999998}",30,9,-106.3647652694297,"{0: 12, 1: 1, 2: 6, 3: 1, 4: 1}",1
73,False,"{'a': 0.5, 'e': 0.7809999999999998}",20,0,-54.80902368950568,"{0: 14, 1: 1, 2: 3, 3: 2, 4: 0}",0
74,False,"{'a': 0.5, 'e': 0.7779999999999998}",20,0,-117.76786776069956,"{0: 14, 1: 0, 2: 2, 3: 2, 4: 2}",0
75,False,"{'a': 0.5, 'e': 0.7749999999999998}",20,0,-15.223226301027086,"{0: 16, 1: 1, 2: 3, 3: 0, 4: 0}",0
76,False,"{'a': 0.5, 'e': 0.7719999999999998}",20,0,-218.85721211338438,"{0: 9, 1: 0, 2: 5, 3: 3, 4: 3}",0
77,False,"{'a': 0.5, 'e': 0.7689999999999998}",20,0,-35.182313585189334,"{0: 15, 1: 1, 2: 3, 3: 1, 4: 0}",0
78,False,"{'a': 0.5, 'e': 0.7659999999999998}",25,0,-106.56759582896159,"{0: 16, 1: 2, 2: 4, 3: 2, 4: 1}",0
79,False,"{'a': 0.5, 'e': 0.7629999999999998}",35,0,-148.49341820864308,"{0: 24, 1: 4, 2: 2, 3: 3, 4: 2}",0
80,False,"{'a': 0.5, 'e': 0.7599999999999998}",20,2,-35.273117850108996,"{0: 13, 1: 1, 2: 3, 3: 1, 4: 0}",1
81,False,"{'a': 0.5, 'e': 0.7569999999999998}",20,15,9.11589661057219,"{0: 5, 1: 0, 2: 0, 3: 0, 4: 0}",1
82,False,"{'a': 0.5, 'e': 0.7539999999999998}",25,0,-1.1588623398226454,"{0: 22, 1: 1, 2: 2, 3: 0, 4: 0}",0
83,False,"{'a': 0.5, 'e': 0.7509999999999998}",20,0,-128.08212557590625,"{0: 11, 1: 3, 2: 3, 3: 1, 4: 2}",0
84,False,"{'a': 0.5, 'e': 0.7479999999999998}",35,0,-128.33739037108802,"{0: 22, 1: 7, 2: 4, 3: 0, 4: 2}",0
85,False,"{'a': 0.5, 'e': 0.7449999999999998}",20,14,-6.850530106708768,"{0: 4, 1: 1, 2: 1, 3: 0, 4: 0}",1
86,False,"{'a': 0.5, 'e': 0.7419999999999998}",30,0,-102.10920202183004,"{0: 23, 1: 2, 2: 2, 3: 1, 4: 2}",0
87,False,"{'a': 0.5, 'e': 0.7389999999999998}",25,13,-32.5320956979853,"{0: 8, 1: 1, 2: 2, 3: 1, 4: 0}",1
88,False,"{'a': 0.5, 'e': 0.7359999999999998}",25,0,-122.16456771306675,"{0: 13, 1: 6, 2: 3, 3: 2, 4: 1}",0
89,False,"{'a': 0.5, 'e': 0.7329999999999998}",35,3,-113.27169627496227,"{0: 20, 1: 1, 2: 10, 3: 0, 4: 1}",1
90,False,"{'a': 0.5, 'e': 0.7299999999999998}",20,3,-104.19282473749799,"{0: 10, 1: 2, 2: 3, 3: 0, 4: 2}",1
91,False,"{'a': 0.5, 'e': 0.7269999999999998}",20,7,-139.03399577518093,"{0: 5, 1: 1, 2: 4, 3: 1, 4: 2}",1
92,False,"{'a': 0.5, 'e': 0.7239999999999998}",25,0,-75.09152907658907,"{0: 18, 1: 4, 2: 0, 3: 2, 4: 1}",0
93,False,"{'a': 0.5, 'e': 0.7209999999999998}",20,0,-113.76928676917191,"{0: 14, 1: 1, 2: 1, 3: 2, 4: 2}",0
94,False,"{'a': 0.5, 'e': 0.7179999999999997}",20,0,-53.25443437297681,"{0: 16, 1: 1, 2: 1, 3: 1, 4: 1}",0
95,False,"{'a': 0.5, 'e': 0.7149999999999997}",30,5,-93.06871255703246,"{0: 17, 1: 3, 2: 2, 3: 2, 4: 1}",1
96,False,"{'a': 0.5, 'e': 0.7119999999999997}",20,3,-47.77456534629023,"{0: 13, 1: 1, 2: 2, 3: 0, 4: 1}",1
97,False,"{'a': 0.5, 'e': 0.7089999999999997}",25,0,-70.37042152970201,"{0: 18, 1: 1, 2: 5, 3: 0, 4: 1}",0
98,False,"{'a': 0.5, 'e': 0.7059999999999997}",30,0,-57.549346073715256,"{0: 25, 1: 0, 2: 3, 3: 1, 4: 1}",0
99,False,"{'a': 0.5, 'e': 0.7029999999999997}",20,0,-75.1384920826078,"{0: 13, 1: 4, 2: 1, 3: 1, 4: 1}",0
100,False,"{'a': 0.5, 'e': 0.6999999999999997}",30,0,-133.34157371328362,"{0: 22, 1: 1, 2: 4, 3: 0, 4: 3}",0
101,False,"{'a': 0.5, 'e': 0.6969999999999997}",25,0,-106.95790691352741,"{0: 17, 1: 1, 2: 4, 3: 2, 4: 1}",0
102,False,"{'a': 0.5, 'e': 0.6939999999999997}",25,0,-100.99943782362095,"{0: 17, 1: 1, 2: 4, 3: 2, 4: 1}",0
103,False,"{'a': 0.5, 'e': 0.6909999999999997}",25,8,-130.4308230946357,"{0: 10, 1: 0, 2: 3, 3: 2, 4: 2}",1
104,False,"{'a': 0.5, 'e': 0.6879999999999997}",25,0,-101.39794077070096,"{0: 17, 1: 3, 2: 3, 3: 0, 4: 2}",0
105,False,"{'a': 0.5, 'e': 0.6849999999999997}",20,0,-58.90118445205071,"{0: 13, 1: 5, 2: 1, 3: 0, 4: 1}",0
106,False,"{'a': 0.5, 'e': 0.6819999999999997}",25,0,-44.80823629706954,"{0: 19, 1: 4, 2: 1, 3: 0, 4: 1}",1
107,False,"{'a': 0.5, 'e': 0.6789999999999997}",30,15,-38.707397911837916,"{0: 12, 1: 1, 2: 1, 3: 0, 4: 1}",1
108,False,"{'a': 0.5, 'e': 0.6759999999999997}",20,2,-95.07604921259954,"{0: 12, 1: 1, 2: 3, 3: 0, 4: 2}",1
109,False,"{'a': 0.5, 'e': 0.6729999999999997}",25,0,-115.55309296392946,"{0: 15, 1: 5, 2: 3, 3: 0, 4: 2}",0
110,False,"{'a': 0.5, 'e': 0.6699999999999997}",25,0,-103.53689687436768,"{0: 18, 1: 1, 2: 4, 3: 0, 4: 2}",0
111,False,"{'a': 0.5, 'e': 0.6669999999999997}",20,0,-109.84224139300157,"{0: 14, 1: 0, 2: 3, 3: 1, 4: 2}",0
112,False,"{'a': 0.5, 'e': 0.6639999999999997}",20,0,-125.18192159061574,"{0: 12, 1: 3, 2: 2, 3: 1, 4: 2}",0
113,False,"{'a': 0.5, 'e': 0.6609999999999997}",20,12,-40.361273746753824,"{0: 4, 1: 0, 2: 3, 3: 1, 4: 0}",1
114,False,"{'a': 0.5, 'e': 0.6579999999999997}",30,13,-34.758570055361346,"{0: 11, 1: 2, 2: 4, 3: 0, 4: 0}",1
115,False,"{'a': 0.5, 'e': 0.6549999999999997}",25,0,-86.8495501202072,"{0: 16, 1: 4, 2: 3, 3: 1, 4: 1}",0
116,False,"{'a': 0.5, 'e': 0.6519999999999997}",20,0,-29.272221502203315,"{0: 17, 1: 2, 2: 0, 3: 0, 4: 1}",0
117,False,"{'a': 0.5, 'e': 0.6489999999999997}",25,18,9.620576046510145,"{0: 7, 1: 0, 2: 0, 3: 0, 4: 0}",1
118,False,"{'a': 0.5, 'e': 0.6459999999999997}",30,2,-32.55419808419648,"{0: 21, 1: 1, 2: 6, 3: 0, 4: 0}",1
119,False,"{'a': 0.5, 'e': 0.6429999999999997}",25,7,-74.1322275670903,"{0: 12, 1: 2, 2: 2, 3: 1, 4: 1}",1
120,False,"{'a': 0.5, 'e': 0.6399999999999997}",30,3,-73.12414416866346,"{0: 22, 1: 1, 2: 2, 3: 0, 4: 2}",1
121,False,"{'a': 0.5, 'e': 0.6369999999999997}",25,0,-87.0521112117832,"{0: 18, 1: 1, 2: 4, 3: 1, 4: 1}",0
122,False,"{'a': 0.5, 'e': 0.6339999999999997}",20,11,-46.8527343875809,"{0: 6, 1: 0, 2: 2, 3: 0, 4: 1}",1
123,False,"{'a': 0.5, 'e': 0.6309999999999997}",25,0,-6.529886369696301,"{0: 20, 1: 3, 2: 2, 3: 0, 4: 0}",1
124,False,"{'a': 0.5, 'e': 0.6279999999999997}",30,13,-3.6513309340668756,"{0: 14, 1: 1, 2: 2, 3: 0, 4: 0}",1
125,False,"{'a': 0.5, 'e': 0.6249999999999997}",25,0,-12.922074450261649,"{0: 19, 1: 4, 2: 2, 3: 0, 4: 0}",0
126,False,"{'a': 0.5, 'e': 0.6219999999999997}",20,1,-1.3599561908341777,"{0: 16, 1: 1, 2: 2, 3: 0, 4: 0}",1
127,False,"{'a': 0.5, 'e': 0.6189999999999997}",20,0,-133.8271178025677,"{0: 11, 1: 3, 2: 3, 3: 1, 4: 2}",0
128,False,"{'a': 0.5, 'e': 0.6159999999999997}",20,0,-131.01887469891568,"{0: 14, 1: 0, 2: 3, 3: 0, 4: 3}",0
129,False,"{'a': 0.5, 'e': 0.6129999999999997}",20,11,-4.300738759035167,"{0: 8, 1: 0, 2: 0, 3: 1, 4: 0}",1
130,False,"{'a': 0.5, 'e': 0.6099999999999997}",20,0,-17.982073110281817,"{0: 17, 1: 1, 2: 1, 3: 1, 4: 0}",0
131,False,"{'a': 0.5, 'e': 0.6069999999999997}",20,0,-29.225323239309787,"{0: 16, 1: 0, 2: 3, 3: 1, 4: 0}",0
132,False,"{'a': 0.5, 'e': 0.6039999999999996}",30,0,-82.13234659614014,"{0: 21, 1: 4, 2: 3, 3: 1, 4: 1}",0
133,False,"{'a': 0.5, 'e': 0.6009999999999996}",25,0,-182.35429531776134,"{0: 14, 1: 3, 2: 4, 3: 1, 4: 3}",1
134,False,"{'a': 0.5, 'e': 0.5979999999999996}",20,10,-36.324244901543466,"{0: 8, 1: 0, 2: 1, 3: 0, 4: 1}",1
135,False,"{'a': 0.5, 'e': 0.5949999999999996}",35,5,-81.76606823154249,"{0: 24, 1: 2, 2: 2, 3: 0, 4: 2}",1
136,False,"{'a': 0.5, 'e': 0.5919999999999996}",25,7,-27.91069811406844,"{0: 16, 1: 0, 2: 1, 3: 0, 4: 1}",1
137,False,"{'a': 0.5, 'e': 0.5889999999999996}",20,0,-65.47243902388095,"{0: 15, 1: 0, 2: 4, 3: 0, 4: 1}",0
138,False,"{'a': 0.5, 'e': 0.5859999999999996}",20,5,-9.649522651567565,"{0: 12, 1: 0, 2: 3, 3: 0, 4: 0}",1
139,False,"{'a': 0.5, 'e': 0.5829999999999996}",25,1,-112.91122205362224,"{0: 16, 1: 2, 2: 4, 3: 0, 4: 2}",1
140,False,"{'a': 0.5, 'e': 0.5799999999999996}",30,13,-43.334928019976786,"{0: 11, 1: 2, 2: 3, 3: 1, 4: 0}",1
141,False,"{'a': 0.5, 'e': 0.5769999999999996}",20,3,-36.308865953779296,"{0: 13, 1: 2, 2: 1, 3: 0, 4: 1}",1
142,False,"{'a': 0.5, 'e': 0.5739999999999996}",20,0,-68.41503647721375,"{0: 14, 1: 0, 2: 5, 3: 0, 4: 1}",0
143,False,"{'a': 0.5, 'e': 0.5709999999999996}",20,0,-31.10921735816738,"{0: 15, 1: 0, 2: 5, 3: 0, 4: 0}",0
144,False,"{'a': 0.5, 'e': 0.5679999999999996}",25,17,15.180583437147394,"{0: 8, 1: 0, 2: 0, 3: 0, 4: 0}",1
145,False,"{'a': 0.5, 'e': 0.5649999999999996}",20,0,-77.20868310346167,"{0: 16, 1: 0, 2: 2, 3: 0, 4: 2}",0
146,False,"{'a': 0.5, 'e': 0.5619999999999996}",20,0,-13.922548719458824,"{0: 19, 1: 0, 2: 0, 3: 0, 4: 1}",0
147,False,"{'a': 0.5, 'e': 0.5589999999999996}",30,0,-61.723965809331645,"{0: 24, 1: 3, 2: 1, 3: 0, 4: 2}",0
148,False,"{'a': 0.5, 'e': 0.5559999999999996}",30,0,-93.96516191039561,"{0: 20, 1: 1, 2: 8, 3: 0, 4: 1}",0
149,False,"{'a': 0.5, 'e': 0.5529999999999996}",30,10,-96.66104704816557,"{0: 14, 1: 0, 2: 4, 3: 0, 4: 2}",1
150,False,"{'a': 0.5, 'e': 0.5499999999999996}",25,0,-31.32598184945898,"{0: 18, 1: 2, 2: 5, 3: 0, 4: 0}",0
151,False,"{'a': 0.5, 'e': 0.5469999999999996}",20,0,-71.76229188689875,"{0: 14, 1: 0, 2: 5, 3: 0, 4: 1}",0
152,False,"{'a': 0.5, 'e': 0.5439999999999996}",20,16,4.770901024176256,"{0: 4, 1: 0, 2: 0, 3: 0, 4: 0}",1
153,False,"{'a': 0.5, 'e': 0.5409999999999996}",25,0,-50.14341506098823,"{0: 21, 1: 1, 2: 1, 3: 1, 4: 1}",0
154,False,"{'a': 0.5, 'e': 0.5379999999999996}",35,0,-74.001141125032,"{0: 27, 1: 2, 2: 4, 3: 1, 4: 1}",0
155,False,"{'a': 0.5, 'e': 0.5349999999999996}",30,13,-7.976223053888516,"{0: 13, 1: 3, 2: 1, 3: 0, 4: 0}",1
156,False,"{'a': 0.5, 'e': 0.5319999999999996}",20,0,-23.995666516321556,"{0: 18, 1: 1, 2: 0, 3: 0, 4: 1}",0
157,False,"{'a': 0.5, 'e': 0.5289999999999996}",25,0,-114.83776107317613,"{0: 19, 1: 0, 2: 3, 3: 0, 4: 3}",0
158,False,"{'a': 0.5, 'e': 0.5259999999999996}",25,0,-72.17684721517399,"{0: 18, 1: 2, 2: 3, 3: 1, 4: 1}",0
159,False,"{'a': 0.5, 'e': 0.5229999999999996}",25,15,-5.442489284111525,"{0: 7, 1: 2, 2: 1, 3: 0, 4: 0}",1
160,False,"{'a': 0.5, 'e': 0.5199999999999996}",25,17,-26.68540209863873,"{0: 7, 1: 0, 2: 0, 3: 0, 4: 1}",1
161,False,"{'a': 0.5, 'e': 0.5169999999999996}",20,0,-36.715141429831306,"{0: 17, 1: 0, 2: 2, 3: 0, 4: 1}",1
162,False,"{'a': 0.5, 'e': 0.5139999999999996}",20,12,-1.7160381220082632,"{0: 6, 1: 1, 2: 1, 3: 0, 4: 0}",1
163,False,"{'a': 0.5, 'e': 0.5109999999999996}",20,11,-23.401362020610094,"{0: 8, 1: 0, 2: 0, 3: 0, 4: 1}",1
164,False,"{'a': 0.5, 'e': 0.5079999999999996}",25,0,-92.76244222962634,"{0: 19, 1: 1, 2: 3, 3: 0, 4: 2}",0
165,False,"{'a': 0.5, 'e': 0.5049999999999996}",20,11,-19.390854146461386,"{0: 7, 1: 0, 2: 1, 3: 1, 4: 0}",1
166,False,"{'a': 0.5, 'e': 0.5019999999999996}",25,0,-96.08528262895513,"{0: 17, 1: 6, 2: 0, 3: 0, 4: 2}",0
167,False,"{'a': 0.5, 'e': 0.49899999999999956}",25,15,-25.237911187988324,"{0: 9, 1: 0, 2: 0, 3: 0, 4: 1}",1
168,False,"{'a': 0.5, 'e': 0.49599999999999955}",20,0,-92.94056419650293,"{0: 14, 1: 1, 2: 3, 3: 0, 4: 2}",0
169,False,"{'a': 0.5, 'e': 0.49299999999999955}",30,5,-34.10389045899231,"{0: 21, 1: 1, 2: 2, 3: 0, 4: 1}",1
170,False,"{'a': 0.5, 'e': 0.48999999999999955}",25,13,8.244708763462766,"{0: 10, 1: 2, 2: 0, 3: 0, 4: 0}",1
171,False,"{'a': 0.5, 'e': 0.48699999999999954}",35,25,16.801499375885292,"{0: 10, 1: 0, 2: 0, 3: 0, 4: 0}",1
172,False,"{'a': 0.5, 'e': 0.48399999999999954}",25,0,-64.98578330297231,"{0: 21, 1: 1, 2: 1, 3: 0, 4: 2}",0
173,False,"{'a': 0.5, 'e': 0.48099999999999954}",25,0,-76.15582188464346,"{0: 20, 1: 1, 2: 2, 3: 0, 4: 2}",0
174,False,"{'a': 0.5, 'e': 0.47799999999999954}",20,0,-79.67542551845676,"{0: 16, 1: 1, 2: 0, 3: 1, 4: 2}",0
175,False,"{'a': 0.5, 'e': 0.47499999999999953}",25,0,-37.071283314389866,"{0: 20, 1: 2, 2: 2, 3: 0, 4: 1}",0
176,False,"{'a': 0.5, 'e': 0.47199999999999953}",20,8,-12.085033722750468,"{0: 9, 1: 1, 2: 2, 3: 0, 4: 0}",1
177,False,"{'a': 0.5, 'e': 0.46899999999999953}",25,0,-43.70430290225268,"{0: 21, 1: 0, 2: 3, 3: 0, 4: 1}",0
178,False,"{'a': 0.5, 'e': 0.4659999999999995}",25,1,-88.9994943513128,"{0: 18, 1: 1, 2: 3, 3: 0, 4: 2}",1
179,False,"{'a': 0.5, 'e': 0.4629999999999995}",30,7,-2.8532211606205373,"{0: 18, 1: 3, 2: 2, 3: 0, 4: 0}",1
180,False,"{'a': 0.5, 'e': 0.4599999999999995}",35,23,19.197792465981777,"{0: 12, 1: 0, 2: 0, 3: 0, 4: 0}",1
181,False,"{'a': 0.5, 'e': 0.4569999999999995}",20,0,-64.13077118870821,"{0: 15, 1: 1, 2: 2, 3: 1, 4: 1}",0
182,False,"{'a': 0.5, 'e': 0.4539999999999995}",20,0,-92.15406711477657,"{0: 14, 1: 2, 2: 2, 3: 0, 4: 2}",0
183,False,"{'a': 0.5, 'e': 0.4509999999999995}",25,0,-68.24470100839557,"{0: 20, 1: 1, 2: 1, 3: 2, 4: 1}",0
184,False,"{'a': 0.5, 'e': 0.4479999999999995}",20,10,-16.435957951701937,"{0: 8, 1: 0, 2: 1, 3: 1, 4: 0}",1
185,False,"{'a': 0.5, 'e': 0.4449999999999995}",30,0,-38.92958066747953,"{0: 26, 1: 1, 2: 1, 3: 1, 4: 1}",0
186,False,"{'a': 0.5, 'e': 0.4419999999999995}",30,8,-63.28507870351485,"{0: 18, 1: 1, 2: 1, 3: 0, 4: 2}",1
187,False,"{'a': 0.5, 'e': 0.4389999999999995}",25,11,-10.766225887936697,"{0: 12, 1: 0, 2: 1, 3: 1, 4: 0}",1
188,False,"{'a': 0.5, 'e': 0.4359999999999995}",25,15,18.174413742270836,"{0: 10, 1: 0, 2: 0, 3: 0, 4: 0}",1
189,False,"{'a': 0.5, 'e': 0.4329999999999995}",20,14,8.950197575656535,"{0: 6, 1: 0, 2: 0, 3: 0, 4: 0}",1
190,False,"{'a': 0.5, 'e': 0.4299999999999995}",30,14,12.429152675000246,"{0: 15, 1: 0, 2: 1, 3: 0, 4: 0}",1
191,False,"{'a': 0.5, 'e': 0.4269999999999995}",20,6,11.081160376030066,"{0: 13, 1: 0, 2: 1, 3: 0, 4: 0}",1
192,False,"{'a': 0.5, 'e': 0.4239999999999995}",30,17,-28.71542485030076,"{0: 11, 1: 1, 2: 0, 3: 0, 4: 1}",1
193,False,"{'a': 0.5, 'e': 0.4209999999999995}",25,3,20.677238693303575,"{0: 19, 1: 3, 2: 0, 3: 0, 4: 0}",1
194,False,"{'a': 0.5, 'e': 0.4179999999999995}",25,13,12.383243288292592,"{0: 11, 1: 1, 2: 0, 3: 0, 4: 0}",1
195,False,"{'a': 0.5, 'e': 0.4149999999999995}",20,0,-81.16520952289868,"{0: 15, 1: 0, 2: 2, 3: 2, 4: 1}",1
196,False,"{'a': 0.5, 'e': 0.4119999999999995}",25,0,-70.636754579766,"{0: 20, 1: 0, 2: 2, 3: 2, 4: 1}",0
197,False,"{'a': 0.5, 'e': 0.4089999999999995}",20,12,18.147426756829265,"{0: 8, 1: 0, 2: 0, 3: 0, 4: 0}",1
198,False,"{'a': 0.5, 'e': 0.4059999999999995}",25,13,15.387587638177887,"{0: 11, 1: 1, 2: 0, 3: 0, 4: 0}",1
199,False,"{'a': 0.5, 'e': 0.40299999999999947}",20,0,3.477171375962258,"{0: 18, 1: 0, 2: 2, 3: 0, 4: 0}",0
200,False,"{'a': 0.5, 'e': 0.39999999999999947}",20,0,-17.123672838685657,"{0: 17, 1: 0, 2: 2, 3: 1, 4: 0}",0
201,False,"{'a': 0.5, 'e': 0.39699999999999946}",25,0,-18.21724579737294,"{0: 23, 1: 0, 2: 1, 3: 0, 4: 1}",0
202,False,"{'a': 0.5, 'e': 0.39399999999999946}",20,12,-9.833728974643034,"{0: 6, 1: 0, 2: 2, 3: 0, 4: 0}",1
203,False,"{'a': 0.5, 'e': 0.39099999999999946}",25,8,13.16294323667385,"{0: 15, 1: 2, 2: 0, 3: 0, 4: 0}",1
204,False,"{'a': 0.5, 'e': 0.38799999999999946}",30,9,-58.72949501169071,"{0: 14, 1: 3, 2: 3, 3: 0, 4: 1}",1
205,False,"{'a': 0.5, 'e': 0.38499999999999945}",20,10,-26.856232406224105,"{0: 7, 1: 0, 2: 2, 3: 1, 4: 0}",1
206,False,"{'a': 0.5, 'e': 0.38199999999999945}",25,0,-40.840794143233104,"{0: 20, 1: 2, 2: 2, 3: 0, 4: 1}",0
207,False,"{'a': 0.5, 'e': 0.37899999999999945}",25,16,-4.430885147703303,"{0: 8, 1: 0, 2: 0, 3: 1, 4: 0}",1
208,False,"{'a': 0.5, 'e': 0.37599999999999945}",25,4,-5.590876093461444,"{0: 17, 1: 2, 2: 2, 3: 0, 4: 0}",1
209,False,"{'a': 0.5, 'e': 0.37299999999999944}",25,12,-16.76233987678354,"{0: 8, 1: 4, 2: 1, 3: 0, 4: 0}",1
210,False,"{'a': 0.5, 'e': 0.36999999999999944}",20,8,-14.59119366463797,"{0: 10, 1: 0, 2: 1, 3: 1, 4: 0}",1
211,False,"{'a': 0.5, 'e': 0.36699999999999944}",20,0,-23.058471874080784,"{0: 18, 1: 0, 2: 1, 3: 0, 4: 1}",0
212,False,"{'a': 0.5, 'e': 0.36399999999999944}",20,0,-17.173449468149933,"{0: 18, 1: 1, 2: 0, 3: 0, 4: 1}",0
213,False,"{'a': 0.5, 'e': 0.36099999999999943}",30,16,-32.11860024521698,"{0: 10, 1: 0, 2: 3, 3: 1, 4: 0}",1
214,False,"{'a': 0.5, 'e': 0.35799999999999943}",30,21,7.7425384151881875,"{0: 8, 1: 1, 2: 0, 3: 0, 4: 0}",1
215,False,"{'a': 0.5, 'e': 0.3549999999999994}",20,0,-11.113116126429725,"{0: 16, 1: 1, 2: 3, 3: 0, 4: 0}",0
216,False,"{'a': 0.5, 'e': 0.3519999999999994}",20,2,-1.4479834064716504,"{0: 15, 1: 1, 2: 2, 3: 0, 4: 0}",1
217,False,"{'a': 0.5, 'e': 0.3489999999999994}",30,8,-57.58729625268271,"{0: 15, 1: 2, 2: 4, 3: 0, 4: 1}",1
218,False,"{'a': 0.5, 'e': 0.3459999999999994}",30,18,23.996153234313994,"{0: 12, 1: 0, 2: 0, 3: 0, 4: 0}",1
219,False,"{'a': 0.5, 'e': 0.3429999999999994}",30,12,-92.19572433350191,"{0: 12, 1: 2, 2: 2, 3: 0, 4: 2}",1
220,False,"{'a': 0.5, 'e': 0.3399999999999994}",20,9,11.28520431011377,"{0: 10, 1: 1, 2: 0, 3: 0, 4: 0}",1
221,False,"{'a': 0.5, 'e': 0.3369999999999994}",20,15,3.390069617736059,"{0: 4, 1: 1, 2: 0, 3: 0, 4: 0}",1
222,False,"{'a': 0.5, 'e': 0.3339999999999994}",20,7,2.815586566444413,"{0: 11, 1: 1, 2: 1, 3: 0, 4: 0}",1
223,False,"{'a': 0.5, 'e': 0.3309999999999994}",20,15,8.716291378909963,"{0: 5, 1: 0, 2: 0, 3: 0, 4: 0}",1
224,False,"{'a': 0.5, 'e': 0.3279999999999994}",20,9,0.7234508201573597,"{0: 9, 1: 1, 2: 1, 3: 0, 4: 0}",1
225,False,"{'a': 0.5, 'e': 0.3249999999999994}",25,3,10.969706476521125,"{0: 21, 1: 0, 2: 0, 3: 1, 4: 0}",1
226,False,"{'a': 0.5, 'e': 0.3219999999999994}",20,0,-26.88715143228084,"{0: 15, 1: 2, 2: 2, 3: 1, 4: 0}",0
227,False,"{'a': 0.5, 'e': 0.3189999999999994}",35,25,-7.243729753599208,"{0: 8, 1: 0, 2: 2, 3: 0, 4: 0}",1
228,False,"{'a': 0.5, 'e': 0.3159999999999994}",30,4,-18.89658587980854,"{0: 23, 1: 1, 2: 1, 3: 0, 4: 1}",1
229,False,"{'a': 0.5, 'e': 0.3129999999999994}",25,0,2.0381271758372375,"{0: 22, 1: 0, 2: 3, 3: 0, 4: 0}",0
230,False,"{'a': 0.5, 'e': 0.3099999999999994}",25,9,3.6469939608595245,"{0: 14, 1: 0, 2: 2, 3: 0, 4: 0}",1
231,False,"{'a': 0.5, 'e': 0.3069999999999994}",25,14,7.497569155498592,"{0: 10, 1: 0, 2: 1, 3: 0, 4: 0}",1
232,False,"{'a': 0.5, 'e': 0.3039999999999994}",20,1,7.153683742955685,"{0: 17, 1: 0, 2: 2, 3: 0, 4: 0}",1
233,False,"{'a': 0.5, 'e': 0.3009999999999994}",25,7,14.614693897644528,"{0: 16, 1: 1, 2: 1, 3: 0, 4: 0}",1
234,False,"{'a': 0.5, 'e': 0.2979999999999994}",20,14,10.589869928987042,"{0: 6, 1: 0, 2: 0, 3: 0, 4: 0}",1
235,False,"{'a': 0.5, 'e': 0.2949999999999994}",25,5,30.31172125406848,"{0: 19, 1: 1, 2: 0, 3: 0, 4: 0}",1
236,False,"{'a': 0.5, 'e': 0.29199999999999937}",25,1,-0.8016677759569661,"{0: 20, 1: 1, 2: 3, 3: 0, 4: 0}",1
237,False,"{'a': 0.5, 'e': 0.28899999999999937}",20,8,-0.04015580550763387,"{0: 10, 1: 0, 2: 2, 3: 0, 4: 0}",1
238,False,"{'a': 0.5, 'e': 0.28599999999999937}",25,11,22.852609732228693,"{0: 14, 1: 0, 2: 0, 3: 0, 4: 0}",1
239,False,"{'a': 0.5, 'e': 0.28299999999999936}",25,9,3.755402866479608,"{0: 14, 1: 0, 2: 2, 3: 0, 4: 0}",1
240,False,"{'a': 0.5, 'e': 0.27999999999999936}",25,14,9.564750949383939,"{0: 10, 1: 0, 2: 1, 3: 0, 4: 0}",1
241,False,"{'a': 0.5, 'e': 0.27699999999999936}",20,0,9.203918516174326,"{0: 19, 1: 0, 2: 0, 3: 1, 4: 0}",0
242,False,"{'a': 0.5, 'e': 0.27399999999999936}",25,0,-57.58308009384997,"{0: 19, 1: 1, 2: 4, 3: 0, 4: 1}",0
243,False,"{'a': 0.5, 'e': 0.27099999999999935}",25,16,19.64702489803105,"{0: 9, 1: 0, 2: 0, 3: 0, 4: 0}",1
244,False,"{'a': 0.5, 'e': 0.26799999999999935}",20,6,-15.188673487678802,"{0: 13, 1: 0, 2: 0, 3: 0, 4: 1}",1
245,False,"{'a': 0.5, 'e': 0.26499999999999935}",20,0,-1.3040033969191445,"{0: 17, 1: 0, 2: 3, 3: 0, 4: 0}",1
246,False,"{'a': 0.5, 'e': 0.26199999999999934}",20,11,19.38177269009394,"{0: 9, 1: 0, 2: 0, 3: 0, 4: 0}",1
247,False,"{'a': 0.5, 'e': 0.25899999999999934}",20,4,-31.895966503173575,"{0: 13, 1: 0, 2: 1, 3: 2, 4: 0}",1
248,False,"{'a': 0.5, 'e': 0.25599999999999934}",20,1,23.987844160426594,"{0: 19, 1: 0, 2: 0, 3: 0, 4: 0}",1
249,False,"{'a': 0.5, 'e': 0.25299999999999934}",20,10,-36.36402416592187,"{0: 8, 1: 0, 2: 1, 3: 0, 4: 1}",1
250,False,"{'a': 0.5, 'e': 0.24999999999999933}",30,19,17.731177777905014,"{0: 11, 1: 0, 2: 0, 3: 0, 4: 0}",1
251,False,"{'a': 0.5, 'e': 0.24699999999999933}",25,13,-65.14947656457109,"{0: 7, 1: 1, 2: 3, 3: 0, 4: 1}",1
252,False,"{'a': 0.5, 'e': 0.24399999999999933}",20,11,4.511461071699868,"{0: 8, 1: 0, 2: 1, 3: 0, 4: 0}",1
253,False,"{'a': 0.5, 'e': 0.24099999999999933}",20,14,10.583407799066489,"{0: 6, 1: 0, 2: 0, 3: 0, 4: 0}",1
254,False,"{'a': 0.5, 'e': 0.23799999999999932}",20,8,11.157821944232769,"{0: 11, 1: 0, 2: 1, 3: 0, 4: 0}",1
255,False,"{'a': 0.5, 'e': 0.23499999999999932}",20,10,17.5928222928896,"{0: 10, 1: 0, 2: 0, 3: 0, 4: 0}",1
256,False,"{'a': 0.5, 'e': 0.23199999999999932}",20,12,0.46721112015210364,"{0: 7, 1: 0, 2: 1, 3: 0, 4: 0}",1
257,False,"{'a': 0.5, 'e': 0.22899999999999932}",25,11,22.163671311840876,"{0: 14, 1: 0, 2: 0, 3: 0, 4: 0}",1
258,False,"{'a': 0.5, 'e': 0.2259999999999993}",20,6,-29.714936211200005,"{0: 12, 1: 0, 2: 1, 3: 0, 4: 1}",1
259,False,"{'a': 0.5, 'e': 0.2229999999999993}",20,7,1.6089035211035678,"{0: 11, 1: 0, 2: 2, 3: 0, 4: 0}",1
260,False,"{'a': 0.5, 'e': 0.2199999999999993}",20,0,26.97189137602786,"{0: 20, 1: 0, 2: 0, 3: 0, 4: 0}",0
261,False,"{'a': 0.5, 'e': 0.2169999999999993}",20,13,2.610949322380671,"{0: 6, 1: 0, 2: 1, 3: 0, 4: 0}",1
262,False,"{'a': 0.5, 'e': 0.2139999999999993}",20,8,5.94193641412459,"{0: 10, 1: 1, 2: 1, 3: 0, 4: 0}",1
263,False,"{'a': 0.5, 'e': 0.2109999999999993}",25,12,19.522195201859518,"{0: 13, 1: 0, 2: 0, 3: 0, 4: 0}",1
264,False,"{'a': 0.5, 'e': 0.2079999999999993}",20,0,4.083923587581345,"{0: 18, 1: 1, 2: 1, 3: 0, 4: 0}",0
265,False,"{'a': 0.5, 'e': 0.2049999999999993}",20,10,18.87958662690162,"{0: 10, 1: 0, 2: 0, 3: 0, 4: 0}",1
266,False,"{'a': 0.5, 'e': 0.2019999999999993}",25,2,27.617794690491763,"{0: 22, 1: 1, 2: 0, 3: 0, 4: 0}",1
267,False,"{'a': 0.5, 'e': 0.1989999999999993}",30,20,18.262723925695017,"{0: 10, 1: 0, 2: 0, 3: 0, 4: 0}",1
268,False,"{'a': 0.5, 'e': 0.19599999999999929}",20,10,18.38350668906496,"{0: 10, 1: 0, 2: 0, 3: 0, 4: 0}",1
269,False,"{'a': 0.5, 'e': 0.19299999999999928}",25,8,19.528412721827056,"{0: 16, 1: 0, 2: 1, 3: 0, 4: 0}",1
270,False,"{'a': 0.5, 'e': 0.18999999999999928}",20,13,-29.087905952756046,"{0: 6, 1: 0, 2: 0, 3: 0, 4: 1}",1
271,False,"{'a': 0.5, 'e': 0.18699999999999928}",20,5,13.535937740011981,"{0: 14, 1: 0, 2: 1, 3: 0, 4: 0}",1
272,False,"{'a': 0.5, 'e': 0.18399999999999928}",25,19,10.396798009011803,"{0: 6, 1: 0, 2: 0, 3: 0, 4: 0}",1
273,False,"{'a': 0.5, 'e': 0.18099999999999927}",25,8,6.623932107254139,"{0: 15, 1: 1, 2: 1, 3: 0, 4: 0}",1
274,False,"{'a': 0.5, 'e': 0.17799999999999927}",25,16,1.6576602082689316,"{0: 7, 1: 1, 2: 1, 3: 0, 4: 0}",1
275,False,"{'a': 0.5, 'e': 0.17499999999999927}",20,9,25.809712243844977,"{0: 11, 1: 0, 2: 0, 3: 0, 4: 0}",1
276,False,"{'a': 0.5, 'e': 0.17199999999999926}",25,17,-26.939857529526556,"{0: 7, 1: 0, 2: 0, 3: 0, 4: 1}",1
277,False,"{'a': 0.5, 'e': 0.16899999999999926}",30,22,5.196339722251422,"{0: 7, 1: 0, 2: 1, 3: 0, 4: 0}",1
278,False,"{'a': 0.5, 'e': 0.16599999999999926}",20,12,13.544896312586447,"{0: 8, 1: 0, 2: 0, 3: 0, 4: 0}",1
279,False,"{'a': 0.5, 'e': 0.16299999999999926}",20,14,11.061422193432438,"{0: 6, 1: 0, 2: 0, 3: 0, 4: 0}",1
280,False,"{'a': 0.5, 'e': 0.15999999999999925}",25,17,12.926949867773104,"{0: 8, 1: 0, 2: 0, 3: 0, 4: 0}",1
281,False,"{'a': 0.5, 'e': 0.15699999999999925}",25,6,35.03468085034867,"{0: 19, 1: 0, 2: 0, 3: 0, 4: 0}",1
282,False,"{'a': 0.5, 'e': 0.15399999999999925}",20,0,18.366944350716107,"{0: 18, 1: 1, 2: 1, 3: 0, 4: 0}",0
283,False,"{'a': 0.5, 'e': 0.15099999999999925}",25,18,9.577937752431355,"{0: 7, 1: 0, 2: 0, 3: 0, 4: 0}",1
284,False,"{'a': 0.5, 'e': 0.14799999999999924}",30,13,13.329073620860164,"{0: 16, 1: 0, 2: 1, 3: 0, 4: 0}",1
285,False,"{'a': 0.5, 'e': 0.14499999999999924}",30,18,17.880114325553134,"{0: 12, 1: 0, 2: 0, 3: 0, 4: 0}",1
286,False,"{'a': 0.5, 'e': 0.14199999999999924}",20,5,6.753139296466445,"{0: 13, 1: 0, 2: 2, 3: 0, 4: 0}",1
287,False,"{'a': 0.5, 'e': 0.13899999999999924}",20,8,-5.463651797076512,"{0: 10, 1: 0, 2: 2, 3: 0, 4: 0}",1
288,False,"{'a': 0.5, 'e': 0.13599999999999923}",20,8,19.24689807496383,"{0: 12, 1: 0, 2: 0, 3: 0, 4: 0}",1
289,False,"{'a': 0.5, 'e': 0.13299999999999923}",20,13,-0.8815998560753797,"{0: 6, 1: 0, 2: 1, 3: 0, 4: 0}",1
290,False,"{'a': 0.5, 'e': 0.12999999999999923}",25,3,25.326656388570957,"{0: 21, 1: 0, 2: 1, 3: 0, 4: 0}",1
291,False,"{'a': 0.5, 'e': 0.12699999999999922}",30,18,14.890327595654457,"{0: 11, 1: 1, 2: 0, 3: 0, 4: 0}",1
292,False,"{'a': 0.5, 'e': 0.12399999999999922}",20,10,16.714752657129726,"{0: 10, 1: 0, 2: 0, 3: 0, 4: 0}",1
293,False,"{'a': 0.5, 'e': 0.12099999999999922}",25,10,26.52839932743734,"{0: 15, 1: 0, 2: 0, 3: 0, 4: 0}",1
294,False,"{'a': 0.5, 'e': 0.11799999999999922}",20,13,13.938833701493927,"{0: 7, 1: 0, 2: 0, 3: 0, 4: 0}",1
295,False,"{'a': 0.5, 'e': 0.11499999999999921}",25,15,4.903269339743964,"{0: 8, 1: 1, 2: 1, 3: 0, 4: 0}",1
296,False,"{'a': 0.5, 'e': 0.11199999999999921}",20,0,29.098029120308972,"{0: 20, 1: 0, 2: 0, 3: 0, 4: 0}",0
297,False,"{'a': 0.5, 'e': 0.10899999999999921}",20,2,28.25655877419511,"{0: 18, 1: 0, 2: 0, 3: 0, 4: 0}",1
298,False,"{'a': 0.5, 'e': 0.1059999999999992}",25,14,18.25026016982292,"{0: 11, 1: 0, 2: 0, 3: 0, 4: 0}",1
299,False,"{'a': 0.5, 'e': 0.1029999999999992}",20,15,3.7670099015619387,"{0: 4, 1: 1, 2: 0, 3: 0, 4: 0}",1
300,False,"{'a': 0.5, 'e': 0.0999999999999992}",20,16,8.630666546528987,"{0: 4, 1: 0, 2: 0, 3: 0, 4: 0}",1
301,False,"{'a': 0.5, 'e': 0.0969999999999992}",25,17,0.08820979442463606,"{0: 7, 1: 0, 2: 1, 3: 0, 4: 0}",1
302,False,"{'a': 0.5, 'e': 0.0939999999999992}",30,8,8.71237947353605,"{0: 20, 1: 1, 2: 0, 3: 1, 4: 0}",1
303,False,"{'a': 0.5, 'e': 0.09099999999999919}",20,12,7.599988280246992,"{0: 7, 1: 1, 2: 0, 3: 0, 4: 0}",1
304,False,"{'a': 0.5, 'e': 0.08799999999999919}",30,13,26.658254336369772,"{0: 17, 1: 0, 2: 0, 3: 0, 4: 0}",1
305,False,"{'a': 0.5, 'e': 0.08499999999999919}",25,16,5.590357155968826,"{0: 8, 1: 0, 2: 1, 3: 0, 4: 0}",1
306,False,"{'a': 0.5, 'e': 0.08199999999999918}",20,12,15.601768825387701,"{0: 8, 1: 0, 2: 0, 3: 0, 4: 0}",1
307,False,"{'a': 0.5, 'e': 0.07899999999999918}",20,3,22.187454239797972,"{0: 17, 1: 0, 2: 0, 3: 0, 4: 0}",1
308,False,"{'a': 0.5, 'e': 0.07599999999999918}",30,20,18.97308234918938,"{0: 10, 1: 0, 2: 0, 3: 0, 4: 0}",1
309,False,"{'a': 0.5, 'e': 0.07299999999999918}",20,10,13.779883365560416,"{0: 10, 1: 0, 2: 0, 3: 0, 4: 0}",1
310,False,"{'a': 0.5, 'e': 0.06999999999999917}",25,13,26.72546953273817,"{0: 12, 1: 0, 2: 0, 3: 0, 4: 0}",1
311,False,"{'a': 0.5, 'e': 0.06699999999999917}",20,3,-21.667924867665835,"{0: 16, 1: 0, 2: 0, 3: 0, 4: 1}",1
312,False,"{'a': 0.5, 'e': 0.06399999999999917}",25,20,8.190463909219593,"{0: 5, 1: 0, 2: 0, 3: 0, 4: 0}",1
313,False,"{'a': 0.5, 'e': 0.060999999999999166}",25,12,11.724342712757924,"{0: 12, 1: 0, 2: 1, 3: 0, 4: 0}",1
314,False,"{'a': 0.5, 'e': 0.05799999999999916}",20,5,21.13047404781279,"{0: 15, 1: 0, 2: 0, 3: 0, 4: 0}",1
315,False,"{'a': 0.5, 'e': 0.05499999999999916}",30,12,31.13972468897526,"{0: 18, 1: 0, 2: 0, 3: 0, 4: 0}",1
316,False,"{'a': 0.5, 'e': 0.05199999999999916}",30,13,21.067445133303387,"{0: 16, 1: 0, 2: 1, 3: 0, 4: 0}",1
317,False,"{'a': 0.5, 'e': 0.048999999999999155}",20,12,12.249393777946334,"{0: 8, 1: 0, 2: 0, 3: 0, 4: 0}",1
1,True,"{'a': 0, 'e': 0}",20,3,27.249026918818437,"{0: 17, 1: 0, 2: 0, 3: 0, 4: 0}",1
2,True,"{'a': 0, 'e': 0}",30,16,26.753653186645067,"{0: 14, 1: 0, 2: 0, 3: 0, 4: 0}",1
3,True,"{'a': 0, 'e': 0}",20,14,12.498781995940638,"{0: 6, 1: 0, 2: 0, 3: 0, 4: 0}",1
4,True,"{'a': 0, 'e': 0}",25,18,13.135588243146472,"{0: 7, 1: 0, 2: 0, 3: 0, 4: 0}",1
5,True,"{'a': 0, 'e': 0}",20,14,10.709716733574533,"{0: 6, 1: 0, 2: 0, 3: 0, 4: 0}",1
6,True,"{'a': 0, 'e': 0}",20,14,9.739059362159534,"{0: 6, 1: 0, 2: 0, 3: 0, 4: 0}",1
7,True,"{'a': 0, 'e': 0}",20,14,8.379121655982122,"{0: 6, 1: 0, 2: 0, 3: 0, 4: 0}",1
8,True,"{'a': 0, 'e': 0}",20,10,19.054447434236508,"{0: 10, 1: 0, 2: 0, 3: 0, 4: 0}",1
9,True,"{'a': 0, 'e': 0}",25,5,27.816658117186176,"{0: 20, 1: 0, 2: 0, 3: 0, 4: 0}",1
10,True,"{'a': 0, 'e': 0}",20,14,11.686625350835607,"{0: 6, 1: 0, 2: 0, 3: 0, 4: 0}",1
